month,revenue
2024-01,1707.6299999999999
2024-02,3497.38
2024-04,4852.26
2024-05,4009.96
2024-06,435.91
2024-07,1801.6000000000001
2024-08,1293.27
2024-09,1931.2599999999998
2024-10,3172.16
2024-11,142.2
2024-12,10569.710000000001
